{
    "version": 2,
    "builds": [
        {
            "src": "app.js",
            "use": "@vercel/node"
        }
    ],
    "routes": [
        {
            "src": "/(.*)",
            "dest": "/app.js"
        }
    ],
    "headers": [
        {
            "source": "/(.*)",
            "headers": [
                {
                    "key": "Access-Control-Allow-Origin",
                    "value": "https://dynamic-form-frontend-final.vercel.app"
                },
                {
                    "key": "Access-Control-Allow-Methods",
                    "value": "GET,POST,OPTIONS"
                },
                {
                    "key": "Access-Control-Allow-Headers",
                    "value": "Content-Type, Authorization"
                }
            ]
        }
    ]
}